{
  "backbone": "resnet50",
  "seed": 7,
  "oa": 0.9743589743589743,
  "f1": 0.9745769318611045,
  "miou": 0.9368289970016442,
  "precision": 0.9750731949584568,
  "recall": 0.9743589743589743,
  "training_time_min": 9.3
}