{
  "backbone": "efficientnet_b0",
  "folds": {
    "Mumbai": {
      "oa": 0.7989203778677463,
      "precision": 0.8555709703669171,
      "recall": 0.7989203778677463,
      "f1": 0.7995449089958807,
      "miou": 0.47969229782216766,
      "training_time_min": 5.66,
      "train_cities": [
        "Delhi_NCR",
        "Bangalore"
      ],
      "train_count": 1630,
      "val_count": 359,
      "test_count": 741
    },
    "Delhi_NCR": {
      "oa": 0.7699055330634278,
      "precision": 0.849200389832726,
      "recall": 0.7699055330634278,
      "f1": 0.7923052035758706,
      "miou": 0.6036721505664986,
      "training_time_min": 3.22,
      "train_cities": [
        "Mumbai",
        "Bangalore"
      ],
      "train_count": 1023,
      "val_count": 225,
      "test_count": 1482
    },
    "Bangalore": {
      "oa": 0.8106508875739645,
      "precision": 0.8279004998521101,
      "recall": 0.8106508875739645,
      "f1": 0.770904943637018,
      "miou": 0.5106779517664685,
      "training_time_min": 6.31,
      "train_cities": [
        "Mumbai",
        "Delhi_NCR"
      ],
      "train_count": 1822,
      "val_count": 401,
      "test_count": 507
    }
  },
  "average": {
    "oa": 0.7931589328350461,
    "precision": 0.8442239533505843,
    "recall": 0.7931589328350461,
    "f1": 0.7875850187362565,
    "miou": 0.5313474667183783,
    "training_time_min": 15.190000000000001
  },
  "seed": 7
}