{
  "backbone": "swin_tiny",
  "folds": {
    "Mumbai": {
      "oa": 0.6612685560053981,
      "precision": 0.8182437741537179,
      "recall": 0.6612685560053981,
      "f1": 0.6878718810294007,
      "miou": 0.432536670097787,
      "training_time_min": 12.26,
      "train_cities": [
        "Delhi_NCR",
        "Bangalore"
      ],
      "train_count": 1630,
      "val_count": 359,
      "test_count": 741
    },
    "Delhi_NCR": {
      "oa": 0.7125506072874493,
      "precision": 0.8665790280836466,
      "recall": 0.7125506072874493,
      "f1": 0.750453693668533,
      "miou": 0.5507835226729236,
      "training_time_min": 12.37,
      "train_cities": [
        "Mumbai",
        "Bangalore"
      ],
      "train_count": 1023,
      "val_count": 225,
      "test_count": 1482
    },
    "Bangalore": {
      "oa": 0.834319526627219,
      "precision": 0.8353776197277523,
      "recall": 0.834319526627219,
      "f1": 0.8111268044266846,
      "miou": 0.5748661046339439,
      "training_time_min": 13.81,
      "train_cities": [
        "Mumbai",
        "Delhi_NCR"
      ],
      "train_count": 1822,
      "val_count": 401,
      "test_count": 507
    }
  },
  "average": {
    "oa": 0.7360462299733554,
    "precision": 0.8400668073217057,
    "recall": 0.7360462299733554,
    "f1": 0.749817459708206,
    "miou": 0.5193954324682183,
    "training_time_min": 38.44
  },
  "seed": 42
}