{
  "SVM": {
    "oa": 0.8978102189781022,
    "precision": 0.8960757191986571,
    "recall": 0.8978102189781022,
    "f1": 0.896812026719343,
    "miou": 0.7750443380604475
  },
  "RandomForest": {
    "oa": 0.8978102189781022,
    "precision": 0.8928609622845801,
    "recall": 0.8978102189781022,
    "f1": 0.8921370020246878,
    "miou": 0.7606821169835293
  },
  "mobilenet_v3_small": {
    "oa": 0.8978102189781022,
    "precision": 0.9217354775713504,
    "recall": 0.8978102189781022,
    "f1": 0.9035950165561643,
    "miou": 0.7915145772114484
  }
}