{
  "backbone": "mobilenet_v3_small",
  "seed": 123,
  "oa": 0.9124087591240876,
  "precision": 0.9349882865170656,
  "recall": 0.9124087591240876,
  "f1": 0.9170414296366824,
  "miou": 0.8183229813664598,
  "training_time_min": 1.48,
  "cities": [
    "Mumbai",
    "Delhi_NCR",
    "Bangalore"
  ],
  "dataset": "indian_cities_locked",
  "checkpoint": "C:\\Users\\KAUSTUBH\\Desktop\\AISD PROJECT\\outputs\\models\\mobilenet_v3_small_seed123.pth"
}