{
  "SVM": {
    "oa": 0.8978102189781022,
    "precision": 0.8960757191986571,
    "recall": 0.8978102189781022,
    "f1": 0.896812026719343,
    "miou": 0.7750443380604475
  },
  "RandomForest": {
    "oa": 0.8978102189781022,
    "precision": 0.8928609622845801,
    "recall": 0.8978102189781022,
    "f1": 0.8921370020246878,
    "miou": 0.7606821169835293
  },
  "swin_tiny": {
    "oa": 0.9391727493917275,
    "precision": 0.9531537684438185,
    "recall": 0.9391727493917275,
    "f1": 0.9422885564845019,
    "miou": 0.8640373203160351
  }
}