{
  "backbone": "resnet50",
  "folds": {
    "Mumbai": {
      "oa": 0.5168690958164642,
      "precision": 0.84088854720951,
      "recall": 0.5168690958164642,
      "f1": 0.6098628776136674,
      "miou": 0.3854559750702147,
      "training_time_min": 12.99,
      "train_cities": [
        "Delhi_NCR",
        "Bangalore"
      ],
      "train_count": 1630,
      "val_count": 359,
      "test_count": 741
    },
    "Delhi_NCR": {
      "oa": 0.7874493927125507,
      "precision": 0.8431811238642197,
      "recall": 0.7874493927125507,
      "f1": 0.8043743911982356,
      "miou": 0.6190971282274326,
      "training_time_min": 2.78,
      "train_cities": [
        "Mumbai",
        "Bangalore"
      ],
      "train_count": 1023,
      "val_count": 225,
      "test_count": 1482
    },
    "Bangalore": {
      "oa": 0.7928994082840237,
      "precision": 0.8118307798497996,
      "recall": 0.7928994082840237,
      "f1": 0.7638004265098416,
      "miou": 0.5118858647524394,
      "training_time_min": 5.32,
      "train_cities": [
        "Mumbai",
        "Delhi_NCR"
      ],
      "train_count": 1822,
      "val_count": 401,
      "test_count": 507
    }
  },
  "average": {
    "oa": 0.6990726322710129,
    "precision": 0.8319668169745098,
    "recall": 0.6990726322710129,
    "f1": 0.7260125651072481,
    "miou": 0.5054796560166955,
    "training_time_min": 21.09
  },
  "seed": 123
}