{
  "seed": 7,
  "dataset": "indian_cities_locked",
  "cities": [
    "Mumbai",
    "Delhi_NCR",
    "Bangalore"
  ],
  "results": {
    "SVM": {
      "oa": 0.8880778588807786,
      "precision": 0.8845160454368763,
      "recall": 0.8880778588807786,
      "f1": 0.8847708647986289,
      "miou": 0.7554933228992065
    },
    "RandomForest": {
      "oa": 0.8588807785888077,
      "precision": 0.8509020317729102,
      "recall": 0.8588807785888077,
      "f1": 0.8511447590140225,
      "miou": 0.6941103802980128
    }
  }
}