{
  "seed": 123,
  "backbone": "efficientnet_b0",
  "results": {
    "full": {
      "oa": 0.9743589743589743,
      "f1": 0.9741733303200547,
      "miou": 0.9380442330500403,
      "training_time_min": 5.95
    },
    "no_fpn": {
      "oa": 0.967032967032967,
      "f1": 0.9671133168928812,
      "miou": 0.9233557905178925,
      "training_time_min": 6.07
    },
    "ce_only": {
      "oa": 0.967032967032967,
      "f1": 0.9672856425720419,
      "miou": 0.9225052962631315,
      "training_time_min": 6.73
    }
  }
}