{
  "dataset": "indian_cities_locked",
  "backbone": "efficientnet_b0",
  "epochs_per_stage": 5,
  "results": {
    "full": {
      "oa": 0.9294403892944039,
      "precision": 0.9446844431203139,
      "recall": 0.9294403892944039,
      "f1": 0.9329504417979255,
      "miou": 0.8468367534135283,
      "training_time_min": 2.9
    },
    "no_fpn": {
      "oa": 0.9343065693430657,
      "precision": 0.9488094344427223,
      "recall": 0.9343065693430657,
      "f1": 0.9375868510847921,
      "miou": 0.8536302306526165,
      "training_time_min": 2.05
    },
    "ce_only": {
      "oa": 0.9391727493917275,
      "precision": 0.9475230481486999,
      "recall": 0.9391727493917275,
      "f1": 0.9413267959688398,
      "miou": 0.8626374168299001,
      "training_time_min": 2.79
    }
  }
}