{
  "seed": 123,
  "dataset": "indian_cities_locked",
  "cities": [
    "Mumbai",
    "Delhi_NCR",
    "Bangalore"
  ],
  "results": {
    "SVM": {
      "oa": 0.8905109489051095,
      "precision": 0.8866947198056739,
      "recall": 0.8905109489051095,
      "f1": 0.8879213401483289,
      "miou": 0.7583721069845835
    },
    "RandomForest": {
      "oa": 0.8880778588807786,
      "precision": 0.8849323724181113,
      "recall": 0.8880778588807786,
      "f1": 0.8809224679810783,
      "miou": 0.7448948439620082
    }
  }
}