{
  "backbone": "swin_tiny",
  "seed": 7,
  "oa": 0.9652014652014652,
  "f1": 0.9660360934802713,
  "miou": 0.9170385445730571,
  "precision": 0.9692392760078349,
  "recall": 0.9652014652014652,
  "training_time_min": 11.53
}