{
  "seed": 7,
  "backbone": "efficientnet_b0",
  "results": {
    "full": {
      "oa": 0.967032967032967,
      "f1": 0.967907186016424,
      "miou": 0.9197543492194052,
      "training_time_min": 69.71
    },
    "no_fpn": {
      "oa": 0.978021978021978,
      "f1": 0.9781344800674697,
      "miou": 0.9473957039371831,
      "training_time_min": 5.87
    },
    "ce_only": {
      "oa": 0.9725274725274725,
      "f1": 0.9728348803986856,
      "miou": 0.9340689121176927,
      "training_time_min": 6.5
    }
  }
}