{
  "SVM": {
    "oa": 0.8978102189781022,
    "precision": 0.8960757191986571,
    "recall": 0.8978102189781022,
    "f1": 0.896812026719343,
    "miou": 0.7750443380604475
  },
  "RandomForest": {
    "oa": 0.8978102189781022,
    "precision": 0.8928609622845801,
    "recall": 0.8978102189781022,
    "f1": 0.8921370020246878,
    "miou": 0.7606821169835293
  },
  "resnet50": {
    "oa": 0.9781021897810219,
    "precision": 0.9794389063265454,
    "recall": 0.9781021897810219,
    "f1": 0.9783073115055486,
    "miou": 0.9459479473759855
  }
}