{
  "backbone": "efficientnet_b0",
  "seed": 7,
  "oa": 0.9633699633699634,
  "f1": 0.963978456922787,
  "miou": 0.9158769237983861,
  "precision": 0.9663798072183164,
  "recall": 0.9633699633699634,
  "training_time_min": 7.85
}