{
  "backbone": "mobilenet_v3_small",
  "seed": 7,
  "oa": 0.9358974358974359,
  "f1": 0.9385318440227446,
  "miou": 0.8583324837156612,
  "precision": 0.9478329583199401,
  "recall": 0.9358974358974359,
  "training_time_min": 5.72
}