{
  "SVM": {
    "oa": 0.8978102189781022,
    "precision": 0.8960757191986571,
    "recall": 0.8978102189781022,
    "f1": 0.896812026719343,
    "miou": 0.7750443380604475
  },
  "RandomForest": {
    "oa": 0.8978102189781022,
    "precision": 0.8928609622845801,
    "recall": 0.8978102189781022,
    "f1": 0.8921370020246878,
    "miou": 0.7606821169835293
  },
  "efficientnet_b0": {
    "oa": 0.9294403892944039,
    "precision": 0.9446844431203139,
    "recall": 0.9294403892944039,
    "f1": 0.9329504417979255,
    "miou": 0.8468367534135283
  }
}