{
  "experiment": "pillar1_optical_only_baseline",
  "backbone": "efficientnet_b0",
  "data": "indian_cities_locked",
  "test_metrics": {
    "oa": 0.967032967032967,
    "precision": 0.9693016609435076,
    "recall": 0.967032967032967,
    "f1": 0.9676682776498525,
    "miou": 0.9180563361687103
  },
  "time_min": 9.57
}