{
  "imagenet_init": {
    "oa": 0.9688644688644689,
    "f1": 0.9694007988170995,
    "miou": 0.922004814038357,
    "precision": 0.9707594576292056,
    "recall": 0.9688644688644689,
    "time_min": 8.75
  },
  "simclr_pretrain": {
    "oa": 0.9322344322344323,
    "f1": 0.9309100220644542,
    "miou": 0.8352743073039987,
    "precision": 0.9304999614634166,
    "recall": 0.9322344322344323,
    "time_min": 15.92
  }
}