{
  "resnet50_vs_efficientnet_b0": {
    "t_statistic": 2.586149777375996,
    "p_value": 0.12261642148579295,
    "significant_005": false
  },
  "resnet50_vs_swin_tiny": {
    "t_statistic": 2.2336959481209604,
    "p_value": 0.1551021917714686,
    "significant_005": false
  },
  "swin_tiny_vs_efficientnet_b0": {
    "t_statistic": 0.536983435291993,
    "p_value": 0.6450235440460002,
    "significant_005": false
  },
  "resnet50_vs_mobilenet_v3_small": {
    "t_statistic": 4.9576387313391495,
    "p_value": 0.03836061449148106,
    "significant_005": true
  }
}