{
  "Mumbai": {
    "years": [
      2024.0,
      2025.0,
      2026.0,
      2027.0,
      2028.0,
      2029.0,
      2030.0,
      2031.0,
      2032.0,
      2033.0,
      2034.0,
      2035.0
    ],
    "mean_trajectory": [
      1544.5988513399457,
      1737.292036276705,
      1570.9726884806284,
      1636.1855365422311,
      1643.856326472463,
      1601.0304938445565,
      1600.4100609596126,
      1611.8572623421553,
      1586.635451219963,
      1571.8045796216247,
      1617.863438083853,
      1598.6648519332543
    ],
    "std_trajectory": [
      125.80050814184109,
      152.57948902423888,
      186.03129620284386,
      211.10421909380977,
      178.86955451599064,
      225.1771495438221,
      194.1288211193758,
      215.04942469143063,
      213.03413921416146,
      244.27122154914045,
      255.8189575580225,
      240.90501996982923
    ],
    "ci_lower": [
      1298.029855381937,
      1438.2362377891968,
      1206.3513479230546,
      1222.421267118364,
      1293.2719996211213,
      1159.6832807386652,
      1219.917571565636,
      1190.3603899469513,
      1169.0885383602065,
      1093.0329853853095,
      1116.458281270129,
      1126.491012792389
    ],
    "ci_upper": [
      1791.1678472979543,
      2036.347834764213,
      1935.5940290382023,
      2049.949805966098,
      1994.4406533238048,
      2042.3777069504479,
      1980.902550353589,
      2033.3541347373593,
      2004.1823640797195,
      2050.57617385794,
      2119.2685948975773,
      2070.8386910741197
    ],
    "area_2035": 1598.6648519332543,
    "ci_lower_2035": 1126.491012792389,
    "ci_upper_2035": 2070.8386910741197,
    "growth_pct": 10.170647236528843,
    "current_area": 1451.08056640625
  },
  "Delhi_NCR": {
    "years": [
      2024.0,
      2025.0,
      2026.0,
      2027.0,
      2028.0,
      2029.0,
      2030.0,
      2031.0,
      2032.0,
      2033.0,
      2034.0,
      2035.0
    ],
    "mean_trajectory": [
      2875.7245634675483,
      2628.878335572888,
      2602.6204673756456,
      2545.2918051562838,
      2482.0576898193035,
      2479.2970121493813,
      2441.070418518132,
      2442.7356048307215,
      2351.3731050502433,
      2411.293227449455,
      2374.6572632271227,
      2343.497570031708
    ],
    "std_trajectory": [
      201.87744373176287,
      186.9950534259353,
      217.2293933674553,
      253.41299323354272,
      214.15888087773993,
      231.19488809744072,
      219.00613145724304,
      261.6087222010381,
      186.38158313052327,
      237.71356993800052,
      200.4911825870133,
      219.77574235656704
    ],
    "ci_lower": [
      2480.044773753293,
      2262.3680308580547,
      2176.850856375433,
      2048.60233841854,
      2062.306283298933,
      2026.1550314783976,
      2011.8184008619357,
      1929.982509316687,
      1986.0652021144178,
      1945.374630370974,
      1981.6945453565768,
      1912.7371150128367
    ],
    "ci_upper": [
      3271.4043531818033,
      2995.388640287721,
      3028.390078375858,
      3041.9812718940275,
      2901.809096339674,
      2932.438992820365,
      2870.3224361743287,
      2955.488700344756,
      2716.681007986069,
      2877.211824527936,
      2767.6199810976686,
      2774.2580250505794
    ],
    "area_2035": 2343.497570031708,
    "ci_lower_2035": 1912.7371150128367,
    "ci_upper_2035": 2774.2580250505794,
    "growth_pct": -19.74500537055819,
    "current_area": 2920.064453125
  },
  "Bangalore": {
    "years": [
      2024.0,
      2025.0,
      2026.0,
      2027.0,
      2028.0,
      2029.0,
      2030.0,
      2031.0,
      2032.0,
      2033.0,
      2034.0,
      2035.0
    ],
    "mean_trajectory": [
      1625.3448425652105,
      1784.7288930207442,
      1442.4413059849173,
      1513.565295429727,
      1494.606843705141,
      1401.585882413124,
      1398.5633876022018,
      1369.6778684450433,
      1352.1382072130784,
      1306.402887247578,
      1350.0144972819814,
      1326.6111551860226
    ],
    "std_trajectory": [
      132.82755839860008,
      144.43673932498433,
      122.67668586433052,
      140.14363150267468,
      149.48036670762298,
      163.74578494965849,
      166.78944600526276,
      163.04486552793531,
      174.7565303269832,
      142.89813217074612,
      152.9901692008386,
      172.51686439535652
    ],
    "ci_lower": [
      1365.0028281039542,
      1501.632883943775,
      1201.9950016908294,
      1238.8837776844846,
      1201.6253249582,
      1080.6441439117934,
      1071.6560734318869,
      1050.10993201029,
      1009.6154077721914,
      1026.3225481929157,
      1050.1537656483379,
      988.4781009711239
    ],
    "ci_upper": [
      1885.6868570264667,
      2067.8249020977137,
      1682.8876102790052,
      1788.2468131749695,
      1787.588362452082,
      1722.5276209144545,
      1725.4707017725168,
      1689.2458048797964,
      1694.6610066539656,
      1586.4832263022404,
      1649.875228915625,
      1664.7442094009214
    ],
    "area_2035": 1326.6111551860226,
    "ci_lower_2035": 988.4781009711239,
    "ci_upper_2035": 1664.7442094009214,
    "growth_pct": 22.781020336712356,
    "current_area": 1080.46923828125
  },
  "Hyderabad": {
    "years": [
      2024.0,
      2025.0,
      2026.0,
      2027.0,
      2028.0,
      2029.0,
      2030.0,
      2031.0,
      2032.0,
      2033.0,
      2034.0,
      2035.0
    ],
    "mean_trajectory": [
      1992.386960158532,
      1996.95862438262,
      1822.8074335673316,
      1760.8066705618314,
      1716.6729576564828,
      1600.9074177076122,
      1488.8602003743981,
      1516.5916619537745,
      1459.3800762685141,
      1400.2758136523682,
      1392.066450608161,
      1352.3008725603688
    ],
    "std_trajectory": [
      147.20724295040185,
      169.19339156721807,
      173.65681324970376,
      151.64860539690534,
      196.86699228228412,
      200.52562157358648,
      156.44558215569347,
      184.95015220294565,
      167.96524044846544,
      145.57235429306658,
      133.99915233791472,
      100.98344199121888
    ],
    "ci_lower": [
      1703.8607639757445,
      1665.3395769108724,
      1482.4400795979122,
      1463.575403983897,
      1330.813652783206,
      1207.8771994233828,
      1182.226859349239,
      1154.089363636001,
      1130.1682049895219,
      1114.9539992379578,
      1129.4281120258481,
      1154.3733262575797
    ],
    "ci_upper": [
      2280.91315634132,
      2328.5776718543675,
      2163.174787536751,
      2058.0379371397657,
      2102.5322625297595,
      1993.9376359918417,
      1795.4935413995572,
      1879.093960271548,
      1788.5919475475064,
      1685.5976280667787,
      1654.7047891904738,
      1550.228418863158
    ],
    "area_2035": 1352.3008725603688,
    "ci_lower_2035": 1154.3733262575797,
    "ci_upper_2035": 1550.228418863158,
    "growth_pct": -36.86886237589645,
    "current_area": 2142.050537109375
  },
  "Chennai": {
    "years": [
      2024.0,
      2025.0,
      2026.0,
      2027.0,
      2028.0,
      2029.0,
      2030.0,
      2031.0,
      2032.0,
      2033.0,
      2034.0,
      2035.0
    ],
    "mean_trajectory": [
      1438.566384076906,
      1562.658894383891,
      1715.442998398941,
      1829.5413265018115,
      1860.798393269782,
      1995.7587312652424,
      2056.628295375633,
      2158.394349195198,
      2227.3339075659665,
      2298.480031248479,
      2315.932104103954,
      2369.9844766620913
    ],
    "std_trajectory": [
      138.2472885089659,
      161.85198566489785,
      190.51571990013719,
      232.0410922959445,
      231.7309141620021,
      247.39392770613262,
      254.9183343780502,
      285.249192289777,
      245.88198430880172,
      254.61666830313206,
      310.33121912593407,
      261.64297383424736
    ],